company,filmmaker,year,country,title,skater
[],Travis Knapp-Prasek,2010,United States,Destroying Babylon,Adrian Mallory
[],Travis Knapp-Prasek,2010,United States,Destroying Babylon,Alex Fatemi
[],Travis Knapp-Prasek,2010,United States,Destroying Babylon,Alex Turan
[],Travis Knapp-Prasek,2010,United States,Destroying Babylon,Andrew Wenckstern
[],Travis Knapp-Prasek,2010,United States,Destroying Babylon,Antonio Devitt
[],Travis Knapp-Prasek,2010,United States,Destroying Babylon,Ben Paulsrud
[],Travis Knapp-Prasek,2010,United States,Destroying Babylon,Brandon Dwyer
[],Travis Knapp-Prasek,2010,United States,Destroying Babylon,Brendan Cahill
[],Travis Knapp-Prasek,2010,United States,Destroying Babylon,Chad Wilson
[],Travis Knapp-Prasek,2010,United States,Destroying Babylon,Chris Colbourn
[],Travis Knapp-Prasek,2010,United States,Destroying Babylon,Cody McEntire
[],Travis Knapp-Prasek,2010,United States,Destroying Babylon,Cody Norman
[],Travis Knapp-Prasek,2010,United States,Destroying Babylon,D'ontae Smith
[],Travis Knapp-Prasek,2010,United States,Destroying Babylon,Daniel Roberts
[],Travis Knapp-Prasek,2010,United States,Destroying Babylon,David Nelson-hospsers
[],Travis Knapp-Prasek,2010,United States,Destroying Babylon,Demarcus James
[],Travis Knapp-Prasek,2010,United States,Destroying Babylon,Elijah Fleishman
[],Travis Knapp-Prasek,2010,United States,Destroying Babylon,Garret Daly
[],Travis Knapp-Prasek,2010,United States,Destroying Babylon,Geoffery Hall
[],Travis Knapp-Prasek,2010,United States,Destroying Babylon,Ian Brunkow
[],Travis Knapp-Prasek,2010,United States,Destroying Babylon,Ishod Wair
[],Travis Knapp-Prasek,2010,United States,Destroying Babylon,John Jackson
[],Travis Knapp-Prasek,2010,United States,Destroying Babylon,Johnny Randolph
[],Travis Knapp-Prasek,2010,United States,Destroying Babylon,Jon Stallings
[],Travis Knapp-Prasek,2010,United States,Destroying Babylon,Lucas Hancock
[],Travis Knapp-Prasek,2010,United States,Destroying Babylon,Matt Atreau Mercer
[],Travis Knapp-Prasek,2010,United States,Destroying Babylon,Meetch Green
[],Travis Knapp-Prasek,2010,United States,Destroying Babylon,Michael Echeverry
[],Travis Knapp-Prasek,2010,United States,Destroying Babylon,Mike Belleme
[],Travis Knapp-Prasek,2010,United States,Destroying Babylon,Raney Beres
[],Travis Knapp-Prasek,2010,United States,Destroying Babylon,Ryan Kelly
[],Travis Knapp-Prasek,2010,United States,Destroying Babylon,Sincere
[],Travis Knapp-Prasek,2010,United States,Destroying Babylon,Tadashi Yamamoda
[],Travis Knapp-Prasek,2010,United States,Destroying Babylon,Trevor Morgan
[],Nick vonWerssowetz ,2013,United States,Loony Bin,Adam Zhu
[],Nick vonWerssowetz ,2013,United States,Loony Bin,Adrian Vega
[],Nick vonWerssowetz ,2013,United States,Loony Bin,Cyrus Bennett
[],Nick vonWerssowetz ,2013,United States,Loony Bin,Genesis Evans
[],Nick vonWerssowetz ,2013,United States,Loony Bin,Jacob Gottlieb
[],Nick vonWerssowetz ,2013,United States,Loony Bin,Jason Byoun
[],Nick vonWerssowetz ,2013,United States,Loony Bin,Shawn Powers
[],Jacob Harris,2017,United Kingdom,Atlantic Drift,Casper Brooker
[],Jacob Harris,2017,United Kingdom,Atlantic Drift,Chris Jones
[],Jacob Harris,2017,United Kingdom,Atlantic Drift,Mike Arnold
[],Jacob Harris,2017,United Kingdom,Atlantic Drift,Nick Jensen
[],Jacob Harris,2017,United Kingdom,Atlantic Drift,Remy Taveira
[],Jacob Harris,2017,United Kingdom,Atlantic Drift,Sylvain Tognelli
[],Jacob Harris,2017,United Kingdom,Atlantic Drift,Tom Knox
Sour Skateboards,Gustav Tonnesen,2018,Sweden,Sour - The Sour Solution II,Albert Nyberg
Sour Skateboards,Gustav Tonnesen,2018,Sweden,Sour - The Sour Solution II,Barney Page
Sour Skateboards,Gustav Tonnesen,2018,Sweden,Sour - The Sour Solution II,Daniel Spängs
Sour Skateboards,Gustav Tonnesen,2018,Sweden,Sour - The Sour Solution II,Erik Pettersson
Sour Skateboards,Gustav Tonnesen,2018,Sweden,Sour - The Sour Solution II,Gustav Tonnesen
Sour Skateboards,Gustav Tonnesen,2018,Sweden,Sour - The Sour Solution II,Josef Scott Jatta
Sour Skateboards,Gustav Tonnesen,2018,Sweden,Sour - The Sour Solution II,Koffe Hallgren
Sour Skateboards,Gustav Tonnesen,2018,Sweden,Sour - The Sour Solution II,Martin Sandberg
Sour Skateboards,Gustav Tonnesen,2018,Sweden,Sour - The Sour Solution II,Nisse Ingemarsson
Sour Skateboards,Gustav Tonnesen,2018,Sweden,Sour - The Sour Solution II,Oscar Candon
Sour Skateboards,Gustav Tonnesen,2018,Sweden,Sour - The Sour Solution II,Simon Isaksson
Sour Skateboards,Gustav Tonnesen,2018,Sweden,Sour - The Sour Solution II,Vincent Huhta
Europe.co,[],2016,Germany,europe.co - autobahn,André De Matos
Europe.co,[],2016,Germany,europe.co - autobahn,Danny Goodman
Europe.co,[],2016,Germany,europe.co - autobahn,David Czichon
Europe.co,[],2016,Germany,europe.co - autobahn,Dennis Laass
Europe.co,[],2016,Germany,europe.co - autobahn,Deo Katunga
Europe.co,[],2016,Germany,europe.co - autobahn,Filip Labovic
Europe.co,[],2016,Germany,europe.co - autobahn,Florian Nass
Europe.co,[],2016,Germany,europe.co - autobahn,Georg Anders
Europe.co,[],2016,Germany,europe.co - autobahn,Kai Hillebrand
Europe.co,[],2016,Germany,europe.co - autobahn,Kevin Vietzke
Europe.co,[],2016,Germany,europe.co - autobahn,Marcel Zylka
Europe.co,[],2016,Germany,europe.co - autobahn,Matthias Pichl
Europe.co,[],2016,Germany,europe.co - autobahn,Max Matthias
Europe.co,[],2016,Germany,europe.co - autobahn,Philipp Bieronski
Europe.co,[],2016,Germany,europe.co - autobahn,Sasha Gro
Europe.co,[],2016,Germany,europe.co - autobahn,Stefan Granitza
Europe.co,[],2016,Germany,europe.co - autobahn,Tim Thomas
Europe.co,[],2016,Germany,europe.co - autobahn,Timo Meiselbach
[],Sean McGinnis,2010,United States,The Watched,Dan Tutalo
[],Sean McGinnis,2010,United States,The Watched,Justin Crean
[],Sean McGinnis,2010,United States,The Watched,Kyle Knoblauch
[],Sean McGinnis,2010,United States,The Watched,Matthew Jones
[],Sean McGinnis,2010,United States,The Watched,Sean Smith
Pyramid Country,Jackson Casey,2018,United States,Pyramid Country - Vessel in Passing,Aaron Goure
Pyramid Country,Jackson Casey,2018,United States,Pyramid Country - Vessel in Passing,Aric Blattner
Pyramid Country,Jackson Casey,2018,United States,Pyramid Country - Vessel in Passing,Blue Headey
Pyramid Country,Jackson Casey,2018,United States,Pyramid Country - Vessel in Passing,Dave Engerer
Pyramid Country,Jackson Casey,2018,United States,Pyramid Country - Vessel in Passing,Jack Olson
Pyramid Country,Jackson Casey,2018,United States,Pyramid Country - Vessel in Passing,Jonathan Pierce
Pyramid Country,Jackson Casey,2018,United States,Pyramid Country - Vessel in Passing,Kevin Braun
Pyramid Country,Jackson Casey,2018,United States,Pyramid Country - Vessel in Passing,Klay Andersen
Pyramid Country,Jackson Casey,2018,United States,Pyramid Country - Vessel in Passing,Rick Clark
Pyramid Country,Jackson Casey,2018,United States,Pyramid Country - Vessel in Passing,Robbie Brockel
Pyramid Country,Jackson Casey,2018,United States,Pyramid Country - Vessel in Passing,Ryan Chlumecky
Pyramid Country,Jackson Casey,2018,United States,Pyramid Country - Vessel in Passing,Ryan Townley
Pyramid Country,Jackson Casey,2018,United States,Pyramid Country - Vessel in Passing,Tyler Franz
Polar Skate Co,Tor Ström,2018,Sweden,Polar - We Blew It At Some Point,Aaron Herrington
Polar Skate Co,Tor Ström,2018,Sweden,Polar - We Blew It At Some Point,Andrew Wilson
Polar Skate Co,Tor Ström,2018,Sweden,Polar - We Blew It At Some Point,Dane Brady
Polar Skate Co,Tor Ström,2018,Sweden,Polar - We Blew It At Some Point,David Senström
Polar Skate Co,Tor Ström,2018,Sweden,Polar - We Blew It At Some Point,Emile Laurent
Polar Skate Co,Tor Ström,2018,Sweden,Polar - We Blew It At Some Point,Hjalte Halberg
Polar Skate Co,Tor Ström,2018,Sweden,Polar - We Blew It At Some Point,Nick Boserio
Polar Skate Co,Tor Ström,2018,Sweden,Polar - We Blew It At Some Point,Oskar Rozenberg
Polar Skate Co,Tor Ström,2018,Sweden,Polar - We Blew It At Some Point,Paul Grund
Polar Skate Co,Tor Ström,2018,Sweden,Polar - We Blew It At Some Point,Roman Gonzalez
Polar Skate Co,Tor Ström,2018,Sweden,Polar - We Blew It At Some Point,Shin Sanbongi
Palace Skateboards,[],2017,United Kingdom,Palace - Palasonic,Benny Fairfax
Palace Skateboards,[],2017,United Kingdom,Palace - Palasonic,Blondey Mccoy
Palace Skateboards,[],2017,United Kingdom,Palace - Palasonic,Charlie Young
Palace Skateboards,[],2017,United Kingdom,Palace - Palasonic,Chewy Cannon
Palace Skateboards,[],2017,United Kingdom,Palace - Palasonic,Danny Brady
Palace Skateboards,[],2017,United Kingdom,Palace - Palasonic,Jamal Smith
Palace Skateboards,[],2017,United Kingdom,Palace - Palasonic,Juan Saavedra
Palace Skateboards,[],2017,United Kingdom,Palace - Palasonic,Lucas Puig
Palace Skateboards,[],2017,United Kingdom,Palace - Palasonic,Lucien Clarke
Palace Skateboards,[],2017,United Kingdom,Palace - Palasonic,Nick Jensen
Palace Skateboards,[],2017,United Kingdom,Palace - Palasonic,Olly Todd
Palace Skateboards,[],2017,United Kingdom,Palace - Palasonic,Rory Milanes
Palace Skateboards,[],2017,United Kingdom,Palace - Palasonic,Shawn Powers
Palace Skateboards,[],2017,United Kingdom,Palace - Palasonic,Torey Goodall
Polar Skate Co,Pontus Alv,2016,Sweden,"Polar - I Like It Here Inside My Mind, Don't Wake Me This Time",Aaron Herrington
Polar Skate Co,Pontus Alv,2016,Sweden,"Polar - I Like It Here Inside My Mind, Don't Wake Me This Time",Dane Brady
Polar Skate Co,Pontus Alv,2016,Sweden,"Polar - I Like It Here Inside My Mind, Don't Wake Me This Time",David Stenstrom
Polar Skate Co,Pontus Alv,2016,Sweden,"Polar - I Like It Here Inside My Mind, Don't Wake Me This Time",Hjalte Halberg
Polar Skate Co,Pontus Alv,2016,Sweden,"Polar - I Like It Here Inside My Mind, Don't Wake Me This Time",Jacob Ovgren
Polar Skate Co,Pontus Alv,2016,Sweden,"Polar - I Like It Here Inside My Mind, Don't Wake Me This Time",Kevin Rodrigues
Polar Skate Co,Pontus Alv,2016,Sweden,"Polar - I Like It Here Inside My Mind, Don't Wake Me This Time",Michal Juras
Polar Skate Co,Pontus Alv,2016,Sweden,"Polar - I Like It Here Inside My Mind, Don't Wake Me This Time",Oskar Rozenberg Hallberg
Polar Skate Co,Pontus Alv,2016,Sweden,"Polar - I Like It Here Inside My Mind, Don't Wake Me This Time",Paul Grund
Polar Skate Co,Pontus Alv,2016,Sweden,"Polar - I Like It Here Inside My Mind, Don't Wake Me This Time",Pontus Alv
[],Nick vonWerssowetz ,2014,United States,Lurknyc - Strangers,Adam Zhu
[],Nick vonWerssowetz ,2014,United States,Lurknyc - Strangers,Ben Kadow
[],Nick vonWerssowetz ,2014,United States,Lurknyc - Strangers,Brian Tober
[],Nick vonWerssowetz ,2014,United States,Lurknyc - Strangers,Chachi Maserati
[],Nick vonWerssowetz ,2014,United States,Lurknyc - Strangers,Cody Rosenthal
[],Nick vonWerssowetz ,2014,United States,Lurknyc - Strangers,Cooper Winterson
[],Nick vonWerssowetz ,2014,United States,Lurknyc - Strangers,Cyrus Bennett
[],Nick vonWerssowetz ,2014,United States,Lurknyc - Strangers,Dan Debarros
[],Nick vonWerssowetz ,2014,United States,Lurknyc - Strangers,Dane Brady
[],Nick vonWerssowetz ,2014,United States,Lurknyc - Strangers,Danny Castaneda
[],Nick vonWerssowetz ,2014,United States,Lurknyc - Strangers,Dick Rizzo
[],Nick vonWerssowetz ,2014,United States,Lurknyc - Strangers,Frank Mare
[],Nick vonWerssowetz ,2014,United States,Lurknyc - Strangers,Genesis Evans
[],Nick vonWerssowetz ,2014,United States,Lurknyc - Strangers,Harrison Hafner
[],Nick vonWerssowetz ,2014,United States,Lurknyc - Strangers,Jacob Gottlieb
[],Nick vonWerssowetz ,2014,United States,Lurknyc - Strangers,Jason Byoun
[],Nick vonWerssowetz ,2014,United States,Lurknyc - Strangers,Jazz Leeb
[],Nick vonWerssowetz ,2014,United States,Lurknyc - Strangers,Jed Anderson
[],Nick vonWerssowetz ,2014,United States,Lurknyc - Strangers,Jesse Alba
[],Nick vonWerssowetz ,2014,United States,Lurknyc - Strangers,Josh Wilson
[],Nick vonWerssowetz ,2014,United States,Lurknyc - Strangers,Keith Hanlon
[],Nick vonWerssowetz ,2014,United States,Lurknyc - Strangers,Kevin Davis
[],Nick vonWerssowetz ,2014,United States,Lurknyc - Strangers,Kohlton Ervin
[],Nick vonWerssowetz ,2014,United States,Lurknyc - Strangers,Max Palmer
[],Nick vonWerssowetz ,2014,United States,Lurknyc - Strangers,Mike Diaz
[],Nick vonWerssowetz ,2014,United States,Lurknyc - Strangers,Nick Carracino
[],Nick vonWerssowetz ,2014,United States,Lurknyc - Strangers,Nolan Benfield
[],Nick vonWerssowetz ,2014,United States,Lurknyc - Strangers,Shawn Powers
[],Nick vonWerssowetz ,2014,United States,Lurknyc - Strangers,Stan Karbine
[],Nick vonWerssowetz ,2014,United States,Lurknyc - Strangers,Stu Kirst
[],Nick vonWerssowetz ,2014,United States,Lurknyc - Strangers,Tyler Gilbert
[],[],2015,Denmark,2bananer Og 1snickers,Alexander William Hochmuth
[],[],2015,Denmark,2bananer Og 1snickers,Anders Fagerlund
[],[],2015,Denmark,2bananer Og 1snickers,Andreas Roenholt
[],[],2015,Denmark,2bananer Og 1snickers,Benjamin Rubæk
[],[],2015,Denmark,2bananer Og 1snickers,Campbell Gardiner
[],[],2015,Denmark,2bananer Og 1snickers,Casper Hechmann
[],[],2015,Denmark,2bananer Og 1snickers,Casper Jørgensen
[],[],2015,Denmark,2bananer Og 1snickers,Chris Ørnebjerg
[],[],2015,Denmark,2bananer Og 1snickers,Filip Facini
[],[],2015,Denmark,2bananer Og 1snickers,Freddie Lonka
[],[],2015,Denmark,2bananer Og 1snickers,Frederik Dollerup
[],[],2015,Denmark,2bananer Og 1snickers,Gareth Morgan
[],[],2015,Denmark,2bananer Og 1snickers,Gustav Nordkild
[],[],2015,Denmark,2bananer Og 1snickers,Haydn Morgan
[],[],2015,Denmark,2bananer Og 1snickers,Henrik Bønk Linden
[],[],2015,Denmark,2bananer Og 1snickers,Henrik Kruse
[],[],2015,Denmark,2bananer Og 1snickers,Hubert Brzuchalski
[],[],2015,Denmark,2bananer Og 1snickers,Jacob Stjernholm
[],[],2015,Denmark,2bananer Og 1snickers,Jens Funder
[],[],2015,Denmark,2bananer Og 1snickers,Joe Santy
[],[],2015,Denmark,2bananer Og 1snickers,Johan Bendtsen
[],[],2015,Denmark,2bananer Og 1snickers,Johan Leth
[],[],2015,Denmark,2bananer Og 1snickers,Jonas Daater
[],[],2015,Denmark,2bananer Og 1snickers,Jonathan Isaksen
[],[],2015,Denmark,2bananer Og 1snickers,Jonathan Levi
[],[],2015,Denmark,2bananer Og 1snickers,Joseph Capé Bernasol
[],[],2015,Denmark,2bananer Og 1snickers,Lasse Staahlnacke
[],[],2015,Denmark,2bananer Og 1snickers,Louis Vidbjørg
[],[],2015,Denmark,2bananer Og 1snickers,Mads Christensen
[],[],2015,Denmark,2bananer Og 1snickers,Mads Peter Andersen
[],[],2015,Denmark,2bananer Og 1snickers,Mads Redz Dahldorf
[],[],2015,Denmark,2bananer Og 1snickers,Martin Berg
[],[],2015,Denmark,2bananer Og 1snickers,Mathias Claësson
[],[],2015,Denmark,2bananer Og 1snickers,Mikkel Hansen
[],[],2015,Denmark,2bananer Og 1snickers,Morten Eriksen
[],[],2015,Denmark,2bananer Og 1snickers,Morten Lindberg
[],[],2015,Denmark,2bananer Og 1snickers,Nicklas Wolter
[],[],2015,Denmark,2bananer Og 1snickers,Niels Nillo Lykkeberg
[],[],2015,Denmark,2bananer Og 1snickers,Oliv September
[],[],2015,Denmark,2bananer Og 1snickers,Rasmus Bønnelykke
[],[],2015,Denmark,2bananer Og 1snickers,Sebastian Wang Holm
[],[],2015,Denmark,2bananer Og 1snickers,Sébastien El Idrissi
[],[],2015,Denmark,2bananer Og 1snickers,Simie Simpson
[],[],2015,Denmark,2bananer Og 1snickers,Simon Svendsen
[],[],2015,Denmark,2bananer Og 1snickers,Stefan Ulendorf
[],[],2015,Denmark,2bananer Og 1snickers,Steven Tayler
[],[],2015,Denmark,2bananer Og 1snickers,Thomas Nielsen
[],[],2015,Denmark,2bananer Og 1snickers,Tobias Just
[],[],2015,Denmark,2bananer Og 1snickers,Ville Wester
[],Paul Jensen,2013,United States,Double Dip,David Eldridge
[],Paul Jensen,2013,United States,Double Dip,Dominic Lageson
[],Paul Jensen,2013,United States,Double Dip,Fabian Gonzalez
[],Paul Jensen,2013,United States,Double Dip,Graham Wessberg
[],Paul Jensen,2013,United States,Double Dip,Jake Hintzman
[],Paul Jensen,2013,United States,Double Dip,Jake Peterson
[],Paul Jensen,2013,United States,Double Dip,John Bossart
[],Paul Jensen,2013,United States,Double Dip,Mitchell Stafford
[],Paul Jensen,2013,United States,Double Dip,Nick Jumping Eagle
[],Paul Jensen,2013,United States,Double Dip,Paul Jensen
[],Paul Jensen,2013,United States,Double Dip,Pierre Sebastian
[],Paul Jensen,2013,United States,Double Dip,Troy Kittinger
Bronze Hardware,[],2015,United States,Palace/Bronze - Paramount,Benny Fairfax
Bronze Hardware,[],2015,United States,Palace/Bronze - Paramount,Billy McFeely
Bronze Hardware,[],2015,United States,Palace/Bronze - Paramount,Blondey Mccoy
Bronze Hardware,[],2015,United States,Palace/Bronze - Paramount,Chachi Maserati
Bronze Hardware,[],2015,United States,Palace/Bronze - Paramount,Charlie Young
Bronze Hardware,[],2015,United States,Palace/Bronze - Paramount,Chewy Cannon
Bronze Hardware,[],2015,United States,Palace/Bronze - Paramount,Danny Brady
Bronze Hardware,[],2015,United States,Palace/Bronze - Paramount,Dick Rizzo
Bronze Hardware,[],2015,United States,Palace/Bronze - Paramount,Joseph Delgado
Bronze Hardware,[],2015,United States,Palace/Bronze - Paramount,Josh Wilson
Bronze Hardware,[],2015,United States,Palace/Bronze - Paramount,Juan Saavedra
Bronze Hardware,[],2015,United States,Palace/Bronze - Paramount,Karim Bakhtaoui
Bronze Hardware,[],2015,United States,Palace/Bronze - Paramount,Kevin Tierney
Bronze Hardware,[],2015,United States,Palace/Bronze - Paramount,Lucien Clarke
Bronze Hardware,[],2015,United States,Palace/Bronze - Paramount,Mark Humienik
Bronze Hardware,[],2015,United States,Palace/Bronze - Paramount,Rob Gonyon
Bronze Hardware,[],2015,United States,Palace/Bronze - Paramount,Rory Milanes
Bronze Hardware,[],2015,United States,Palace/Bronze - Paramount,Shawn Powers
Bronze Hardware,[],2015,United States,Palace/Bronze - Paramount,Torey Goodall
Call Me 917,Logan Lara,2017,United States,The 917 Video,Aaron Loreth
Call Me 917,Logan Lara,2017,United States,The 917 Video,Aidan Mackey
Call Me 917,Logan Lara,2017,United States,The 917 Video,Alex Olson
Call Me 917,Logan Lara,2017,United States,The 917 Video,Cruz Mendez
Call Me 917,Logan Lara,2017,United States,The 917 Video,Cyrus Bennett
Call Me 917,Logan Lara,2017,United States,The 917 Video,Hugo Boserup
Call Me 917,Logan Lara,2017,United States,The 917 Video,Kohlton Ervin
Call Me 917,Logan Lara,2017,United States,The 917 Video,Max Palmer
Call Me 917,Logan Lara,2017,United States,The 917 Video,Nico Chiat
Call Me 917,Logan Lara,2017,United States,The 917 Video,Nik Stain
Call Me 917,Logan Lara,2017,United States,The 917 Video,Nolan Benfield
Call Me 917,Logan Lara,2017,United States,The 917 Video,Stu Kirst
Call Me 917,Logan Lara,2017,United States,The 917 Video,Vincent Touzery
Lakai Limited Footwear,Federico Vitetta,2007,[],Lakai - Fully Flared,
Lakai Limited Footwear,Federico Vitetta,2007,[],Lakai - Fully Flared,Alex Olson
Lakai Limited Footwear,Federico Vitetta,2007,[],Lakai - Fully Flared,Anthony Pappalardo
Lakai Limited Footwear,Federico Vitetta,2007,[],Lakai - Fully Flared,Brandon Biebel
Lakai Limited Footwear,Federico Vitetta,2007,[],Lakai - Fully Flared,Cairo Foster
Lakai Limited Footwear,Federico Vitetta,2007,[],Lakai - Fully Flared,Danny Brady
Lakai Limited Footwear,Federico Vitetta,2007,[],Lakai - Fully Flared,Eric Koston
Lakai Limited Footwear,Federico Vitetta,2007,[],Lakai - Fully Flared,Guy Mariano
Lakai Limited Footwear,Federico Vitetta,2007,[],Lakai - Fully Flared,JB Gillet
Lakai Limited Footwear,Federico Vitetta,2007,[],Lakai - Fully Flared,Jeff Lenoce
Lakai Limited Footwear,Federico Vitetta,2007,[],Lakai - Fully Flared,Jesus Fernandez
Lakai Limited Footwear,Federico Vitetta,2007,[],Lakai - Fully Flared,JJ Rousseau
Lakai Limited Footwear,Federico Vitetta,2007,[],Lakai - Fully Flared,Lucas Puig
Lakai Limited Footwear,Federico Vitetta,2007,[],Lakai - Fully Flared,Marc Johnson
Lakai Limited Footwear,Federico Vitetta,2007,[],Lakai - Fully Flared,Mike Carroll
Lakai Limited Footwear,Federico Vitetta,2007,[],Lakai - Fully Flared,Mike Mo Capaldi
Lakai Limited Footwear,Federico Vitetta,2007,[],Lakai - Fully Flared,Nick Jensen
Lakai Limited Footwear,Federico Vitetta,2007,[],Lakai - Fully Flared,Rick Howard
Lakai Limited Footwear,Federico Vitetta,2007,[],Lakai - Fully Flared,Rob Welsh
Lakai Limited Footwear,Federico Vitetta,2007,[],Lakai - Fully Flared,Scott Johnston
[],Jackson Casey,2011,United States,Boyish,Aric Blattner
[],Jackson Casey,2011,United States,Boyish,Chris Milic
[],Jackson Casey,2011,United States,Boyish,Evan Okeson
[],Jackson Casey,2011,United States,Boyish,Horsey
[],Jackson Casey,2011,United States,Boyish,Jake Keenan
[],Jackson Casey,2011,United States,Boyish,Jeff Pulliam
[],Jackson Casey,2011,United States,Boyish,Jonathan Pierce
[],Jackson Casey,2011,United States,Boyish,Justin Modica
[],Jackson Casey,2011,United States,Boyish,Pete Trapasso
[],Jackson Casey,2011,United States,Boyish,Preston Harper
[],Jackson Casey,2011,United States,Boyish,Randy Ploesser
[],Jackson Casey,2011,United States,Boyish,Ryan Reyes
[],Jackson Casey,2011,United States,Boyish,Ryan Sublette
[],Jackson Casey,2011,United States,Boyish,Stephen Ostrowski
[],Jackson Casey,2011,United States,Boyish,Tyler Franz
Lurknyc,Nick vonWerssowetz ,2015,United States,Lurknyc - Cee-lo,Adam Becerra
Lurknyc,Nick vonWerssowetz ,2015,United States,Lurknyc - Cee-lo,Aidan Caldwell
Lurknyc,Nick vonWerssowetz ,2015,United States,Lurknyc - Cee-lo,Alex Odonahoe
Lurknyc,Nick vonWerssowetz ,2015,United States,Lurknyc - Cee-lo,Bobby Groves
Lurknyc,Nick vonWerssowetz ,2015,United States,Lurknyc - Cee-lo,Carlos Jaramillo
Lurknyc,Nick vonWerssowetz ,2015,United States,Lurknyc - Cee-lo,Chachi Maserati
Lurknyc,Nick vonWerssowetz ,2015,United States,Lurknyc - Cee-lo,Cody Rosenthal
Lurknyc,Nick vonWerssowetz ,2015,United States,Lurknyc - Cee-lo,Dan Debarros
Lurknyc,Nick vonWerssowetz ,2015,United States,Lurknyc - Cee-lo,Danny Dipalo
Lurknyc,Nick vonWerssowetz ,2015,United States,Lurknyc - Cee-lo,Giorgio Villone
Lurknyc,Nick vonWerssowetz ,2015,United States,Lurknyc - Cee-lo,Giovanni Vacca
Lurknyc,Nick vonWerssowetz ,2015,United States,Lurknyc - Cee-lo,Grady Smith
Lurknyc,Nick vonWerssowetz ,2015,United States,Lurknyc - Cee-lo,Harrison Hafner
Lurknyc,Nick vonWerssowetz ,2015,United States,Lurknyc - Cee-lo,Henry Barco
Lurknyc,Nick vonWerssowetz ,2015,United States,Lurknyc - Cee-lo,Jacob Gottlieb
Lurknyc,Nick vonWerssowetz ,2015,United States,Lurknyc - Cee-lo,James Sayres
Lurknyc,Nick vonWerssowetz ,2015,United States,Lurknyc - Cee-lo,Jason Byoun
Lurknyc,Nick vonWerssowetz ,2015,United States,Lurknyc - Cee-lo,Jazz Leeb
Lurknyc,Nick vonWerssowetz ,2015,United States,Lurknyc - Cee-lo,John Shanahan
Lurknyc,Nick vonWerssowetz ,2015,United States,Lurknyc - Cee-lo,Kevin Davis
Lurknyc,Nick vonWerssowetz ,2015,United States,Lurknyc - Cee-lo,Matt Genovese
Lurknyc,Nick vonWerssowetz ,2015,United States,Lurknyc - Cee-lo,Nick Carracino
Lurknyc,Nick vonWerssowetz ,2015,United States,Lurknyc - Cee-lo,Nico Barrio
Lurknyc,Nick vonWerssowetz ,2015,United States,Lurknyc - Cee-lo,Noah Letcavage
Lurknyc,Nick vonWerssowetz ,2015,United States,Lurknyc - Cee-lo,Pat Hoblin
Lurknyc,Nick vonWerssowetz ,2015,United States,Lurknyc - Cee-lo,Phil Rodriguez
Lurknyc,Nick vonWerssowetz ,2015,United States,Lurknyc - Cee-lo,Sean Cullen
Lurknyc,Nick vonWerssowetz ,2015,United States,Lurknyc - Cee-lo,Shawn Powers
Lurknyc,Nick vonWerssowetz ,2015,United States,Lurknyc - Cee-lo,Stan Karbine
Lurknyc,Nick vonWerssowetz ,2015,United States,Lurknyc - Cee-lo,Taylor Caruso
Lurknyc,Nick vonWerssowetz ,2015,United States,Lurknyc - Cee-lo,Ty Beal
Lurknyc,Nick vonWerssowetz ,2015,United States,Lurknyc - Cee-lo,Yonnie Cruz
Visual Traveling,Patrik Wallner,2012,United States,Meet The Stans,Dan Zvereff
Visual Traveling,Patrik Wallner,2012,United States,Meet The Stans,Dave Bachinsky
Visual Traveling,Patrik Wallner,2012,United States,Meet The Stans,Gosha Konyshev
Visual Traveling,Patrik Wallner,2012,United States,Meet The Stans,Jimmy McDonald
Visual Traveling,Patrik Wallner,2012,United States,Meet The Stans,Kenny Reed
Visual Traveling,Patrik Wallner,2012,United States,Meet The Stans,Laurence Keefe
Visual Traveling,Patrik Wallner,2012,United States,Meet The Stans,Michael Mackrodt
Visual Traveling,Patrik Wallner,2012,United States,Meet The Stans,Stas Provotorov
Visual Traveling,Patrik Wallner,2012,United States,Meet The Stans,Walker Ryan
Gx1000,Ryan Garshell,2016,United States,GX1000,Alex Davis
Gx1000,Ryan Garshell,2016,United States,GX1000,Brian Delatorre
Gx1000,Ryan Garshell,2016,United States,GX1000,Jake Johnson
Gx1000,Ryan Garshell,2016,United States,GX1000,Jordan Trahan
Gx1000,Ryan Garshell,2016,United States,GX1000,Marius Syvanen
Gx1000,Ryan Garshell,2016,United States,GX1000,Stevie Perez
Gx1000,Ryan Garshell,2016,United States,GX1000,Yonnie Cruz
Metro Skateshop,[],2010,United States,Red Asphalt,Chris Jatoft
Metro Skateshop,[],2010,United States,Red Asphalt,Corey Duffel
Metro Skateshop,[],2010,United States,Red Asphalt,Daniel Dubois
Metro Skateshop,[],2010,United States,Red Asphalt,Greg Millions
Metro Skateshop,[],2010,United States,Red Asphalt,Joel Jutagir
Metro Skateshop,[],2010,United States,Red Asphalt,Matty Hunt
Metro Skateshop,[],2010,United States,Red Asphalt,Paul Seaholm
Metro Skateshop,[],2010,United States,Red Asphalt,Raymond Steffani
Metro Skateshop,[],2010,United States,Red Asphalt,Shawn Lloyd
Metro Skateshop,[],2010,United States,Red Asphalt,Taylor Kennedy
Emerica,Mike Manzoori,2010,[],Emerica - Stay Gold,Aaron Suski
Emerica,Mike Manzoori,2010,[],Emerica - Stay Gold,Andrew Reynolds
Emerica,Mike Manzoori,2010,[],Emerica - Stay Gold,Ben Krahn
Emerica,Mike Manzoori,2010,[],Emerica - Stay Gold,Brandon Westgate
Emerica,Mike Manzoori,2010,[],Emerica - Stay Gold,Braydon Szafranski
Emerica,Mike Manzoori,2010,[],Emerica - Stay Gold,Bryan Herman
Emerica,Mike Manzoori,2010,[],Emerica - Stay Gold,Chris Senn
Emerica,Mike Manzoori,2010,[],Emerica - Stay Gold,Collin Provost
Emerica,Mike Manzoori,2010,[],Emerica - Stay Gold,Ed Templeton
Emerica,Mike Manzoori,2010,[],Emerica - Stay Gold,Heath Kirchart
Emerica,Mike Manzoori,2010,[],Emerica - Stay Gold,Jamie Tancowny
Emerica,Mike Manzoori,2010,[],Emerica - Stay Gold,Jerry Hsu
Emerica,Mike Manzoori,2010,[],Emerica - Stay Gold,Justin Figueroa
Emerica,Mike Manzoori,2010,[],Emerica - Stay Gold,Kevin Long
Emerica,Mike Manzoori,2010,[],Emerica - Stay Gold,Leo Romero
Emerica,Mike Manzoori,2010,[],Emerica - Stay Gold,Marisa Dal Santo
Emerica,Mike Manzoori,2010,[],Emerica - Stay Gold,Marquis Preston
Roadkill Productions,[],2010,Poland,Easy Livin',Andrzej Kwiatek
Roadkill Productions,[],2010,Poland,Easy Livin',Aram Socha
Roadkill Productions,[],2010,Poland,Easy Livin',Damian Gorny
Roadkill Productions,[],2010,Poland,Easy Livin',Kamil Caputa
Roadkill Productions,[],2010,Poland,Easy Livin',Marcin Myszka
Roadkill Productions,[],2010,Poland,Easy Livin',Mateusz Kowalski
Roadkill Productions,[],2010,Poland,Easy Livin',Piotr Dziedzic
Roadkill Productions,[],2010,Poland,Easy Livin',Radek Stelmach
[],Buster O'Shea,2008,United States,A Happy Medium,Aaron Homoki
[],Buster O'Shea,2008,United States,A Happy Medium,Derek Tracy
[],Buster O'Shea,2008,United States,A Happy Medium,Evan Okeson
[],Buster O'Shea,2008,United States,A Happy Medium,Jeff Stevens
[],Buster O'Shea,2008,United States,A Happy Medium,John Motta
[],Buster O'Shea,2008,United States,A Happy Medium,John Rob Moore
[],Buster O'Shea,2008,United States,A Happy Medium,Josh Hawkins
[],Buster O'Shea,2008,United States,A Happy Medium,Kody Kohlman
[],Buster O'Shea,2008,United States,A Happy Medium,Nick Fiorini
[],Buster O'Shea,2008,United States,A Happy Medium,Robbie Brockel
[],Buster O'Shea,2008,United States,A Happy Medium,Ryan Lay
Gx1000,Ryan Garshell,2018,United States,GX1000 - Roll Up,Adam Taylor
Gx1000,Ryan Garshell,2018,United States,GX1000 - Roll Up,Andrew Torralvo
Gx1000,Ryan Garshell,2018,United States,GX1000 - Roll Up,Chris Athans
Gx1000,Ryan Garshell,2018,United States,GX1000 - Roll Up,Daniel Machon
Gx1000,Ryan Garshell,2018,United States,GX1000 - Roll Up,Davis Sarvey
Gx1000,Ryan Garshell,2018,United States,GX1000 - Roll Up,Dustin Partridge
Gx1000,Ryan Garshell,2018,United States,GX1000 - Roll Up,Eddie Cernicky
Gx1000,Ryan Garshell,2018,United States,GX1000 - Roll Up,Harry Lintell
Gx1000,Ryan Garshell,2018,United States,GX1000 - Roll Up,Jamal Gibbs
Gx1000,Ryan Garshell,2018,United States,GX1000 - Roll Up,Jeff Carlyle
Gx1000,Ryan Garshell,2018,United States,GX1000 - Roll Up,Jesse Vierira
Gx1000,Ryan Garshell,2018,United States,GX1000 - Roll Up,Kenny Hurd
Gx1000,Ryan Garshell,2018,United States,GX1000 - Roll Up,Marshall Manuel
Gx1000,Ryan Garshell,2018,United States,GX1000 - Roll Up,Matt Finley
Gx1000,Ryan Garshell,2018,United States,GX1000 - Roll Up,Nile Gibbs
Gx1000,Ryan Garshell,2018,United States,GX1000 - Roll Up,Pablo Ramirez
Gx1000,Ryan Garshell,2018,United States,GX1000 - Roll Up,Sean Greene
Gx1000,Ryan Garshell,2018,United States,GX1000 - Roll Up,Shogo Tanaka
Gx1000,Ryan Garshell,2018,United States,GX1000 - Roll Up,Taylor Nida
Gx1000,Ryan Garshell,2018,United States,GX1000 - Roll Up,Tyler Pacheco
Gx1000,Ryan Garshell,2018,United States,GX1000 - Roll Up,Vincent Van Ewyk
Gx1000,Ryan Garshell,2018,United States,GX1000 - Roll Up,Yonnie Cruz
Gx1000,Ryan Garshell,2018,United States,GX1000 - Roll Up,Zach Krull
[],Henner Figueiredo,2010,Brazil,Original Expresso,Arthur Dias
[],Henner Figueiredo,2010,Brazil,Original Expresso,Breno Rodrigo
[],Henner Figueiredo,2010,Brazil,Original Expresso,Gabriel Loureiro
[],Henner Figueiredo,2010,Brazil,Original Expresso,J Miguel
[],Henner Figueiredo,2010,Brazil,Original Expresso,JB Santos
[],Henner Figueiredo,2010,Brazil,Original Expresso,Matheus Lima
[],Jackson Casey,2009,United States,Friends With Benefits,Jeff Pulliam
[],Jackson Casey,2009,United States,Friends With Benefits,John Rob Moore
[],Jackson Casey,2009,United States,Friends With Benefits,Jonathan Pierce
[],Jackson Casey,2009,United States,Friends With Benefits,Justin Modica
[],Jackson Casey,2009,United States,Friends With Benefits,Preston Harper
[],Jackson Casey,2009,United States,Friends With Benefits,Ryan Sublette
[],Jackson Casey,2009,United States,Friends With Benefits,Stephen Ostrowski
[],Jackson Casey,2009,United States,Friends With Benefits,Tyler Franz
Fallen Footwear,Jamie Thomas,2008,[],Fallen - Ride The Sky,
Fallen Footwear,Jamie Thomas,2008,[],Fallen - Ride The Sky,Billy Marks
Fallen Footwear,Jamie Thomas,2008,[],Fallen - Ride The Sky,Brian Hansen
Fallen Footwear,Jamie Thomas,2008,[],Fallen - Ride The Sky,Chris Cole
Fallen Footwear,Jamie Thomas,2008,[],Fallen - Ride The Sky,Gilbert Crockett
Fallen Footwear,Jamie Thomas,2008,[],Fallen - Ride The Sky,James Hardy
Fallen Footwear,Jamie Thomas,2008,[],Fallen - Ride The Sky,Jamie Thomas
Fallen Footwear,Jamie Thomas,2008,[],Fallen - Ride The Sky,Josh Harmony
Fallen Footwear,Jamie Thomas,2008,[],Fallen - Ride The Sky,Matt Bennett
Fallen Footwear,Jamie Thomas,2008,[],Fallen - Ride The Sky,Tommy Sandoval
Fallen Footwear,Jamie Thomas,2008,[],Fallen - Ride The Sky,Tony Cervantes
Pyramid Country,[],2015,United States,Pyramid Country - Exeter,Aaron Goure
Pyramid Country,[],2015,United States,Pyramid Country - Exeter,Aric Blattner
Pyramid Country,[],2015,United States,Pyramid Country - Exeter,Chase Mcintyre
Pyramid Country,[],2015,United States,Pyramid Country - Exeter,Dave Engerer
Pyramid Country,[],2015,United States,Pyramid Country - Exeter,Dean Palmer
Pyramid Country,[],2015,United States,Pyramid Country - Exeter,Eric Dowswell
Pyramid Country,[],2015,United States,Pyramid Country - Exeter,Jahir Carbajal
Pyramid Country,[],2015,United States,Pyramid Country - Exeter,James Link
Pyramid Country,[],2015,United States,Pyramid Country - Exeter,Jonathan Pierce
Pyramid Country,[],2015,United States,Pyramid Country - Exeter,Justin Modica
Pyramid Country,[],2015,United States,Pyramid Country - Exeter,Kevin Braun
Pyramid Country,[],2015,United States,Pyramid Country - Exeter,Kevin Skutnik
Pyramid Country,[],2015,United States,Pyramid Country - Exeter,Pat Green
Pyramid Country,[],2015,United States,Pyramid Country - Exeter,Ryan Sublette
Pyramid Country,[],2015,United States,Pyramid Country - Exeter,Shaun Gregoire
Pyramid Country,[],2015,United States,Pyramid Country - Exeter,Tyler Franz
Quasi Skateboards,Chad Bowers,2018,United States,Quasi - Mother,Al Davis
Quasi Skateboards,Chad Bowers,2018,United States,Quasi - Mother,Dick Rizzo
Quasi Skateboards,Chad Bowers,2018,United States,Quasi - Mother,Gilbert Crockett
Quasi Skateboards,Chad Bowers,2018,United States,Quasi - Mother,Jake Johnson
Quasi Skateboards,Chad Bowers,2018,United States,Quasi - Mother,Josh Wilson
Quasi Skateboards,Chad Bowers,2018,United States,Quasi - Mother,Justin Henry
Quasi Skateboards,Chad Bowers,2018,United States,Quasi - Mother,Tyler Bledsoe
Gravis Footwear,Greg Hunt,2010,[],Gravis - Dylan.,
Gravis Footwear,Greg Hunt,2010,[],Gravis - Dylan.,Dylan Rieder
[],Hunter O'Shea,2011,United States,A Happy Medium 2,Aaron Homoki
[],Hunter O'Shea,2011,United States,A Happy Medium 2,Brett Woodward
[],Hunter O'Shea,2011,United States,A Happy Medium 2,Derek Tracy
[],Hunter O'Shea,2011,United States,A Happy Medium 2,Eric Thomas
[],Hunter O'Shea,2011,United States,A Happy Medium 2,Jeff Stevens
[],Hunter O'Shea,2011,United States,A Happy Medium 2,John Motta
[],Hunter O'Shea,2011,United States,A Happy Medium 2,John Rob Moore
[],Hunter O'Shea,2011,United States,A Happy Medium 2,Josh Hawkins
[],Hunter O'Shea,2011,United States,A Happy Medium 2,Kody Kohlman
[],Hunter O'Shea,2011,United States,A Happy Medium 2,Riley Hawk
[],Hunter O'Shea,2011,United States,A Happy Medium 2,Tyler Franz
Flipmode,[],2008,United States,Flipmode - Trife,Bill Pierce
Flipmode,[],2008,United States,Flipmode - Trife,Billy McFeely
Flipmode,[],2008,United States,Flipmode - Trife,Dan Zvereff
Flipmode,[],2008,United States,Flipmode - Trife,Dave Willis
Flipmode,[],2008,United States,Flipmode - Trife,Derick Ziemkiewicz
Flipmode,[],2008,United States,Flipmode - Trife,Joey Lanzone
Flipmode,[],2008,United States,Flipmode - Trife,Joseph Delgado
Flipmode,[],2008,United States,Flipmode - Trife,Kevin Tierney
Flipmode,[],2008,United States,Flipmode - Trife,Pedro Garboza
Flipmode,[],2008,United States,Flipmode - Trife,Rob Gonyon
Flipmode,[],2008,United States,Flipmode - Trife,Shawn Powers
Flipmode,[],2008,United States,Flipmode - Trife,Xavier Veal
Transworld Skateboarding,Chris Ray,2008,[],Transworld - And Now,
Transworld Skateboarding,Chris Ray,2008,[],Transworld - And Now,David Gravette
Transworld Skateboarding,Chris Ray,2008,[],Transworld - And Now,Kenny Hoyle
Transworld Skateboarding,Chris Ray,2008,[],Transworld - And Now,Matt Miller
Transworld Skateboarding,Chris Ray,2008,[],Transworld - And Now,Nick Trapasso
Transworld Skateboarding,Chris Ray,2008,[],Transworld - And Now,Richie Jackson
Transworld Skateboarding,Chris Ray,2008,[],Transworld - And Now,Sean Malto
[],Brandon Jensen,2010,United States,Beware of Sasquatch,Andy Tomich
[],Brandon Jensen,2010,United States,Beware of Sasquatch,Brendan Bonney
[],Brandon Jensen,2010,United States,Beware of Sasquatch,Casey Geldermann
[],Brandon Jensen,2010,United States,Beware of Sasquatch,Cory Kennedy
[],Brandon Jensen,2010,United States,Beware of Sasquatch,Dan Ching
[],Brandon Jensen,2010,United States,Beware of Sasquatch,David Gravette
[],Brandon Jensen,2010,United States,Beware of Sasquatch,Josh Gunnersen
[],Brandon Jensen,2010,United States,Beware of Sasquatch,Ken Takayama
[],Brandon Jensen,2010,United States,Beware of Sasquatch,Merritt Harburg
[],Brandon Jensen,2010,United States,Beware of Sasquatch,Mike Lind
[],Brandon Jensen,2010,United States,Beware of Sasquatch,Sean Harris
[],Brandon Jensen,2010,United States,Beware of Sasquatch,Vince Del Valle
Lurkville,Tyrone Taylor,2013,United States,Lurkville - Meet The Lurkers,Adrian Gephart
Lurkville,Tyrone Taylor,2013,United States,Lurkville - Meet The Lurkers,Andrew Elliott
Lurkville,Tyrone Taylor,2013,United States,Lurkville - Meet The Lurkers,Ben Gardner
Lurkville,Tyrone Taylor,2013,United States,Lurkville - Meet The Lurkers,Brendan Keaveny
Lurkville,Tyrone Taylor,2013,United States,Lurkville - Meet The Lurkers,Chris Larue
Lurkville,Tyrone Taylor,2013,United States,Lurkville - Meet The Lurkers,David Cobb
Lurkville,Tyrone Taylor,2013,United States,Lurkville - Meet The Lurkers,Dolan Stearns
Lurkville,Tyrone Taylor,2013,United States,Lurkville - Meet The Lurkers,Dylan Messer
Lurkville,Tyrone Taylor,2013,United States,Lurkville - Meet The Lurkers,Mike Abarta
Powell Peralta,[],1988,[],Powell Peralta - Public Domain,Anita Tennesohn
Powell Peralta,[],1988,[],Powell Peralta - Public Domain,Brandon Chapman
Powell Peralta,[],1988,[],Powell Peralta - Public Domain,Bucky Lasek
Powell Peralta,[],1988,[],Powell Peralta - Public Domain,Casey McKay
Powell Peralta,[],1988,[],Powell Peralta - Public Domain,Chet Thomas
Powell Peralta,[],1988,[],Powell Peralta - Public Domain,Chris Borst
Powell Peralta,[],1988,[],Powell Peralta - Public Domain,Colin McKay
Powell Peralta,[],1988,[],Powell Peralta - Public Domain,Danny Way
Powell Peralta,[],1988,[],Powell Peralta - Public Domain,Doug Smith
Powell Peralta,[],1988,[],Powell Peralta - Public Domain,Eric Sanderson
Powell Peralta,[],1988,[],Powell Peralta - Public Domain,Frankie Hill
Powell Peralta,[],1988,[],Powell Peralta - Public Domain,Jake Bradley
Powell Peralta,[],1988,[],Powell Peralta - Public Domain,Jim Thiebaud
Powell Peralta,[],1988,[],Powell Peralta - Public Domain,Kevin Harris
Powell Peralta,[],1988,[],Powell Peralta - Public Domain,Lance Mountain
Powell Peralta,[],1988,[],Powell Peralta - Public Domain,Laurie Rigsby
Powell Peralta,[],1988,[],Powell Peralta - Public Domain,Mark Sato
Powell Peralta,[],1988,[],Powell Peralta - Public Domain,Mike McGill
Powell Peralta,[],1988,[],Powell Peralta - Public Domain,Mike Vallely
Powell Peralta,[],1988,[],Powell Peralta - Public Domain,Ray Barbee
Powell Peralta,[],1988,[],Powell Peralta - Public Domain,Rich Grassett
Powell Peralta,[],1988,[],Powell Peralta - Public Domain,Rob Washburn
Powell Peralta,[],1988,[],Powell Peralta - Public Domain,Rodney Mullen
Powell Peralta,[],1988,[],Powell Peralta - Public Domain,Steve Caballero
Powell Peralta,[],1988,[],Powell Peralta - Public Domain,Steve Saiz
Powell Peralta,[],1988,[],Powell Peralta - Public Domain,Tommy Guerrero
Powell Peralta,[],1988,[],Powell Peralta - Public Domain,Tony Hawk
Far East Skate Network,[],2008,Japan,FESN - Overground Broadcasting,Gou Miyagi
[],Casper Hechmann,2011,Denmark,Vodka 2 Fakie,Casper Hechmann
[],Casper Hechmann,2011,Denmark,Vodka 2 Fakie,Johan Bendtsen
[],Casper Hechmann,2011,Denmark,Vodka 2 Fakie,Jonathan Isaksen
[],Casper Hechmann,2011,Denmark,Vodka 2 Fakie,Kenn Bendtsen
[],Casper Hechmann,2011,Denmark,Vodka 2 Fakie,Louis Vidbjorg
[],Casper Hechmann,2011,Denmark,Vodka 2 Fakie,Mikkel Hansen
Creature Skateboards,Noah Quale,2017,United States,Creature - The Creature Video,Al Partanen
Creature Skateboards,Noah Quale,2017,United States,Creature - The Creature Video,Allysha Le
Creature Skateboards,Noah Quale,2017,United States,Creature - The Creature Video,Chris Russell
Creature Skateboards,Noah Quale,2017,United States,Creature - The Creature Video,Cory Juneau
Creature Skateboards,Noah Quale,2017,United States,Creature - The Creature Video,Darren Navarrette
Creature Skateboards,Noah Quale,2017,United States,Creature - The Creature Video,David Gravette
Creature Skateboards,Noah Quale,2017,United States,Creature - The Creature Video,Jimmy Wilkins
Creature Skateboards,Noah Quale,2017,United States,Creature - The Creature Video,John Gardner
Creature Skateboards,Noah Quale,2017,United States,Creature - The Creature Video,Josh Rodriguez
Creature Skateboards,Noah Quale,2017,United States,Creature - The Creature Video,Kevin Baekkel
Creature Skateboards,Noah Quale,2017,United States,Creature - The Creature Video,Milton Martinez
Creature Skateboards,Noah Quale,2017,United States,Creature - The Creature Video,Peter Raffin
Creature Skateboards,Noah Quale,2017,United States,Creature - The Creature Video,Ryan Reyes
Creature Skateboards,Noah Quale,2017,United States,Creature - The Creature Video,Sam Hitz
Creature Skateboards,Noah Quale,2017,United States,Creature - The Creature Video,Taylor Bingaman
Creature Skateboards,Noah Quale,2017,United States,Creature - The Creature Video,Truman Hooker
Creature Skateboards,Noah Quale,2017,United States,Creature - The Creature Video,Willis Kimbel
Deathwish Skateboards,[],2008,[],Baker Has A Deathwish,Andrew Reynolds
Deathwish Skateboards,[],2008,[],Baker Has A Deathwish,Antwuan Dixon
Deathwish Skateboards,[],2008,[],Baker Has A Deathwish,Braydon Szafranski
Deathwish Skateboards,[],2008,[],Baker Has A Deathwish,Brian Hansen
Deathwish Skateboards,[],2008,[],Baker Has A Deathwish,Bryan Herman
Deathwish Skateboards,[],2008,[],Baker Has A Deathwish,Dustin Dollin
Deathwish Skateboards,[],2008,[],Baker Has A Deathwish,Erik Ellington
Deathwish Skateboards,[],2008,[],Baker Has A Deathwish,Jeff Lenoce
Deathwish Skateboards,[],2008,[],Baker Has A Deathwish,Jim Greco
Deathwish Skateboards,[],2008,[],Baker Has A Deathwish,Kevin Long
Deathwish Skateboards,[],2008,[],Baker Has A Deathwish,Leo Romero
Deathwish Skateboards,[],2008,[],Baker Has A Deathwish,Lizard King
Deathwish Skateboards,[],2008,[],Baker Has A Deathwish,Ramiro Salcedo
Deathwish Skateboards,[],2008,[],Baker Has A Deathwish,Ryan Ewing
Deathwish Skateboards,[],2008,[],Baker Has A Deathwish,Sammy Baca
Deathwish Skateboards,[],2008,[],Baker Has A Deathwish,Shane Heyl
Deathwish Skateboards,[],2008,[],Baker Has A Deathwish,Terry Kennedy
Deathwish Skateboards,[],2008,[],Baker Has A Deathwish,Theotis Beasley
Chocolate Skateboards,Roger Bagley,2012,[],Girl/Chocolate - Pretty Sweet,Alex Olson
Chocolate Skateboards,Roger Bagley,2012,[],Girl/Chocolate - Pretty Sweet,Brandon Biebel
Chocolate Skateboards,Roger Bagley,2012,[],Girl/Chocolate - Pretty Sweet,Brian Anderson
Chocolate Skateboards,Roger Bagley,2012,[],Girl/Chocolate - Pretty Sweet,Chico Brenes
Chocolate Skateboards,Roger Bagley,2012,[],Girl/Chocolate - Pretty Sweet,Chris Roberts
Chocolate Skateboards,Roger Bagley,2012,[],Girl/Chocolate - Pretty Sweet,Cory Kennedy
Chocolate Skateboards,Roger Bagley,2012,[],Girl/Chocolate - Pretty Sweet,Daniel Castillo
Chocolate Skateboards,Roger Bagley,2012,[],Girl/Chocolate - Pretty Sweet,Elijah Berle
Chocolate Skateboards,Roger Bagley,2012,[],Girl/Chocolate - Pretty Sweet,Eric Koston
Chocolate Skateboards,Roger Bagley,2012,[],Girl/Chocolate - Pretty Sweet,Gino Iannucci
Chocolate Skateboards,Roger Bagley,2012,[],Girl/Chocolate - Pretty Sweet,Guy Mariano
Chocolate Skateboards,Roger Bagley,2012,[],Girl/Chocolate - Pretty Sweet,Jeron Wilson
Chocolate Skateboards,Roger Bagley,2012,[],Girl/Chocolate - Pretty Sweet,Jesus Fernandez
Chocolate Skateboards,Roger Bagley,2012,[],Girl/Chocolate - Pretty Sweet,Justin Eldridge
Chocolate Skateboards,Roger Bagley,2012,[],Girl/Chocolate - Pretty Sweet,Kenny Anderson
Chocolate Skateboards,Roger Bagley,2012,[],Girl/Chocolate - Pretty Sweet,Marc Johnson
Chocolate Skateboards,Roger Bagley,2012,[],Girl/Chocolate - Pretty Sweet,Mike Carroll
Chocolate Skateboards,Roger Bagley,2012,[],Girl/Chocolate - Pretty Sweet,Mike Mo Capaldi
Chocolate Skateboards,Roger Bagley,2012,[],Girl/Chocolate - Pretty Sweet,Raven Tershy
Chocolate Skateboards,Roger Bagley,2012,[],Girl/Chocolate - Pretty Sweet,Rick Howard
Chocolate Skateboards,Roger Bagley,2012,[],Girl/Chocolate - Pretty Sweet,Rick McCrank
Chocolate Skateboards,Roger Bagley,2012,[],Girl/Chocolate - Pretty Sweet,Sean Malto
Chocolate Skateboards,Roger Bagley,2012,[],Girl/Chocolate - Pretty Sweet,Stevie Perez
Chocolate Skateboards,Roger Bagley,2012,[],Girl/Chocolate - Pretty Sweet,Vincent Alvarez
Slave Skateboards,[],2009,[],Slave - Radio Television,Anthony Schultz
Slave Skateboards,[],2009,[],Slave - Radio Television,Conhuir Lynn
Slave Skateboards,[],2009,[],Slave - Radio Television,Danny Dicola
Slave Skateboards,[],2009,[],Slave - Radio Television,Frecks
Slave Skateboards,[],2009,[],Slave - Radio Television,Jon Allie
Slave Skateboards,[],2009,[],Slave - Radio Television,Jon Goemann
Slave Skateboards,[],2009,[],Slave - Radio Television,Matt Mumford
Slave Skateboards,[],2009,[],Slave - Radio Television,Pat Burke
Powell Skateboards,Joe Krolick,2009,[],Powell - FUN!,Aldrin Garcia
Powell Skateboards,Joe Krolick,2009,[],Powell - FUN!,Ben Hatchell
Powell Skateboards,Joe Krolick,2009,[],Powell - FUN!,Dallas Rockvam
Powell Skateboards,Joe Krolick,2009,[],Powell - FUN!,Derek Elmendorf
Powell Skateboards,Joe Krolick,2009,[],Powell - FUN!,John White
Powell Skateboards,Joe Krolick,2009,[],Powell - FUN!,Jordan Hoffart
Powell Skateboards,Joe Krolick,2009,[],Powell - FUN!,Josh Hawkins
[],Jacob Harris,2015,United Kingdom,Isle - Vase,Chris Jones
[],Jacob Harris,2015,United Kingdom,Isle - Vase,Jon Nguyen
[],Jacob Harris,2015,United Kingdom,Isle - Vase,Nick Jensen
[],Jacob Harris,2015,United Kingdom,Isle - Vase,Paul Shier
[],Jacob Harris,2015,United Kingdom,Isle - Vase,Sylvain Tognelli
[],Jacob Harris,2015,United Kingdom,Isle - Vase,Tom Knox
Habitat Skateboards,Joe Castrucci,2013,[],Habitat - Search The Horizon,Alex Davis
Habitat Skateboards,Joe Castrucci,2013,[],Habitat - Search The Horizon,Brian Delatorre
Habitat Skateboards,Joe Castrucci,2013,[],Habitat - Search The Horizon,Danny Garcia
Habitat Skateboards,Joe Castrucci,2013,[],Habitat - Search The Horizon,Daryl Angel
Habitat Skateboards,Joe Castrucci,2013,[],Habitat - Search The Horizon,Fred Gall
Habitat Skateboards,Joe Castrucci,2013,[],Habitat - Search The Horizon,Guru Khalsa
Habitat Skateboards,Joe Castrucci,2013,[],Habitat - Search The Horizon,Marius Syvanen
Habitat Skateboards,Joe Castrucci,2013,[],Habitat - Search The Horizon,Mark Suciu
Habitat Skateboards,Joe Castrucci,2013,[],Habitat - Search The Horizon,Silas Baxter-Neal
Habitat Skateboards,Joe Castrucci,2013,[],Habitat - Search The Horizon,Stefan Janoski
[],Jackson Casey,2012,United States,Worship Friendship,AJ Zavala
[],Jackson Casey,2012,United States,Worship Friendship,Aric Blattner
[],Jackson Casey,2012,United States,Worship Friendship,Auttiesh Danger
[],Jackson Casey,2012,United States,Worship Friendship,Brett Woodward
[],Jackson Casey,2012,United States,Worship Friendship,Chris Milic
[],Jackson Casey,2012,United States,Worship Friendship,Evan Okeson
[],Jackson Casey,2012,United States,Worship Friendship,Jonathan Pierce
[],Jackson Casey,2012,United States,Worship Friendship,Justin Modica
[],Jackson Casey,2012,United States,Worship Friendship,Marshall Winter
[],Jackson Casey,2012,United States,Worship Friendship,Preston Harper
[],Jackson Casey,2012,United States,Worship Friendship,Robbie Brockel
[],Jackson Casey,2012,United States,Worship Friendship,Ryan Sublette
[],Jackson Casey,2012,United States,Worship Friendship,Stephen Ostrowski
[],Jackson Casey,2012,United States,Worship Friendship,Tyler Franz
[],Pasha Pinocchio,2015,Russia,LVO - Kings Of Fart 2015,Alexey Meleshko
[],Pasha Pinocchio,2015,Russia,LVO - Kings Of Fart 2015,Artem Gorbachev
[],Pasha Pinocchio,2015,Russia,LVO - Kings Of Fart 2015,Denis Yuzefovich
[],Pasha Pinocchio,2015,Russia,LVO - Kings Of Fart 2015,Eugene Buzukin
[],Pasha Pinocchio,2015,Russia,LVO - Kings Of Fart 2015,Eugene Kartushin
[],Pasha Pinocchio,2015,Russia,LVO - Kings Of Fart 2015,Ilya Kel
[],Pasha Pinocchio,2015,Russia,LVO - Kings Of Fart 2015,Kostya Kulagin
[],Pasha Pinocchio,2015,Russia,LVO - Kings Of Fart 2015,Mitya Neplohov
[],Pasha Pinocchio,2015,Russia,LVO - Kings Of Fart 2015,Nikita Sidorkov
[],Pasha Pinocchio,2015,Russia,LVO - Kings Of Fart 2015,Nikolai Voynov
[],Pasha Pinocchio,2015,Russia,LVO - Kings Of Fart 2015,Pasha Pinocchio
[],Pasha Pinocchio,2015,Russia,LVO - Kings Of Fart 2015,Sasha Five
[],Pasha Pinocchio,2015,Russia,LVO - Kings Of Fart 2015,Sasha Kandaurov
[],Pasha Pinocchio,2015,Russia,LVO - Kings Of Fart 2015,Sergey Kozlovtsev
[],Pasha Pinocchio,2015,Russia,LVO - Kings Of Fart 2015,Slava Bazooka
[],Pasha Pinocchio,2015,Russia,LVO - Kings Of Fart 2015,Slava Pirate
[],Pasha Pinocchio,2015,Russia,LVO - Kings Of Fart 2015,Vadim Abramov
[],Pasha Pinocchio,2015,Russia,LVO - Kings Of Fart 2015,Victor Semaev
[],Pasha Pinocchio,2015,Russia,LVO - Kings Of Fart 2015,Vitaly Zvorygin
[],Pasha Pinocchio,2015,Russia,LVO - Kings Of Fart 2015,Vova Pavlov
[],Pasha Pinocchio,2015,Russia,LVO - Kings Of Fart 2015,Yury Panchenko
Krooked Skateboards,Tim Fulton,2017,United States,Krooked - LSD: Let's Skate Dude,Bobby Worrest
Krooked Skateboards,Tim Fulton,2017,United States,Krooked - LSD: Let's Skate Dude,Brad Cromer
Krooked Skateboards,Tim Fulton,2017,United States,Krooked - LSD: Let's Skate Dude,Dan Drehobl
Krooked Skateboards,Tim Fulton,2017,United States,Krooked - LSD: Let's Skate Dude,Mark Gonzales
Krooked Skateboards,Tim Fulton,2017,United States,Krooked - LSD: Let's Skate Dude,Matt Gottwig
Krooked Skateboards,Tim Fulton,2017,United States,Krooked - LSD: Let's Skate Dude,Mike Anderson
Krooked Skateboards,Tim Fulton,2017,United States,Krooked - LSD: Let's Skate Dude,Ronnie Sandoval
Krooked Skateboards,Tim Fulton,2017,United States,Krooked - LSD: Let's Skate Dude,Sebo Walker
[],Grant Yansura,2012,United States,Cosmic Vomit 2,Andrew Considine
[],Grant Yansura,2012,United States,Cosmic Vomit 2,Austyn Gillette
[],Grant Yansura,2012,United States,Cosmic Vomit 2,Bert Wootton
[],Grant Yansura,2012,United States,Cosmic Vomit 2,Blake Carpenter
[],Grant Yansura,2012,United States,Cosmic Vomit 2,Bryce Mandel
[],Grant Yansura,2012,United States,Cosmic Vomit 2,Derek McLean
[],Grant Yansura,2012,United States,Cosmic Vomit 2,Jesse Alba
[],Grant Yansura,2012,United States,Cosmic Vomit 2,Johan Stuckey
[],Grant Yansura,2012,United States,Cosmic Vomit 2,Justin Fuller
[],Grant Yansura,2012,United States,Cosmic Vomit 2,Nolan Benfield
[],Andy Aylward,2012,Canada,East Coast Toast,Andy Aylward
[],Andy Aylward,2012,Canada,East Coast Toast,Erik Fisher
[],Andy Aylward,2012,Canada,East Coast Toast,Ethan Muprhy
[],Andy Aylward,2012,Canada,East Coast Toast,Jon Hull
[],Andy Aylward,2012,Canada,East Coast Toast,Jordan Boland
[],Andy Aylward,2012,Canada,East Coast Toast,Jordan Lilly
[],Andy Aylward,2012,Canada,East Coast Toast,Josh Kelly
[],Andy Aylward,2012,Canada,East Coast Toast,Liam Penney
[],Andy Aylward,2012,Canada,East Coast Toast,Neil Blackwood
Bronze Hardware,Peter Sidlauskas,2013,United States,Bronze - Solo Jazz,Aaron Herrington
Bronze Hardware,Peter Sidlauskas,2013,United States,Bronze - Solo Jazz,Billy McFeely
Bronze Hardware,Peter Sidlauskas,2013,United States,Bronze - Solo Jazz,Derick Ziemkiewicz
Bronze Hardware,Peter Sidlauskas,2013,United States,Bronze - Solo Jazz,Dick Rizzo
Bronze Hardware,Peter Sidlauskas,2013,United States,Bronze - Solo Jazz,Jason Carrol
Bronze Hardware,Peter Sidlauskas,2013,United States,Bronze - Solo Jazz,Joseph Delgado
Bronze Hardware,Peter Sidlauskas,2013,United States,Bronze - Solo Jazz,Josh Wilson
Bronze Hardware,Peter Sidlauskas,2013,United States,Bronze - Solo Jazz,Kevin Tierney
Bronze Hardware,Peter Sidlauskas,2013,United States,Bronze - Solo Jazz,Rob Gonyon
Bronze Hardware,Peter Sidlauskas,2013,United States,Bronze - Solo Jazz,Shawn Powers
[],Sebastian Linda,2014,Germany,The Journey Of The Beasts,Christian DÖbrich
[],Sebastian Linda,2014,Germany,The Journey Of The Beasts,David Raderecht
[],Sebastian Linda,2014,Germany,The Journey Of The Beasts,Erik Gross
[],Sebastian Linda,2014,Germany,The Journey Of The Beasts,Julius Dittmann
[],Sebastian Linda,2014,Germany,The Journey Of The Beasts,Octavio Trindade
[],Sebastian Linda,2014,Germany,The Journey Of The Beasts,Richard Naumertat
[],Sebastian Linda,2014,Germany,The Journey Of The Beasts,Sebastian Linda
[],Sebastian Linda,2014,Germany,The Journey Of The Beasts,Steffen Krones
[],Sebastian Linda,2014,Germany,The Journey Of The Beasts,Thomas Meinel
[],Sebastian Linda,2014,Germany,The Journey Of The Beasts,Tom Kleinschmidt
[],Sebastian Linda,2014,Germany,The Journey Of The Beasts,Vladik Scholz
[],Mikey Alfred,2014,United States,Illegal Civilization 2,Black Mike
[],Mikey Alfred,2014,United States,Illegal Civilization 2,Blake Johnson
[],Mikey Alfred,2014,United States,Illegal Civilization 2,Cash Matthieu
[],Mikey Alfred,2014,United States,Illegal Civilization 2,Chris Coulborn
[],Mikey Alfred,2014,United States,Illegal Civilization 2,Eddy Tekeli
[],Mikey Alfred,2014,United States,Illegal Civilization 2,Edgar Flores
[],Mikey Alfred,2014,United States,Illegal Civilization 2,Kevin Bradley
[],Mikey Alfred,2014,United States,Illegal Civilization 2,Kevin White
[],Mikey Alfred,2014,United States,Illegal Civilization 2,Lester Singleton
[],Mikey Alfred,2014,United States,Illegal Civilization 2,Louie Lopez
[],Mikey Alfred,2014,United States,Illegal Civilization 2,Lucien Pajolec
[],Mikey Alfred,2014,United States,Illegal Civilization 2,Mikey Palma
[],Mikey Alfred,2014,United States,Illegal Civilization 2,Nakel Smith
[],Mikey Alfred,2014,United States,Illegal Civilization 2,Rob Wagner
[],Mikey Alfred,2014,United States,Illegal Civilization 2,Sage Elsseser
[],Mikey Alfred,2014,United States,Illegal Civilization 2,Tislam Smith
[],Mikey Alfred,2014,United States,Illegal Civilization 2,Tyshawn Jones
Blueprint Skateboards,Dan Magee,2010,[],Blueprint - Make Friends With The Colour Blue,Chewy Cannon
Blueprint Skateboards,Dan Magee,2010,[],Blueprint - Make Friends With The Colour Blue,Colin Kennedy
Blueprint Skateboards,Dan Magee,2010,[],Blueprint - Make Friends With The Colour Blue,Danny Brady
Blueprint Skateboards,Dan Magee,2010,[],Blueprint - Make Friends With The Colour Blue,Jerome Campbell
Blueprint Skateboards,Dan Magee,2010,[],Blueprint - Make Friends With The Colour Blue,Kevin Coakley
Blueprint Skateboards,Dan Magee,2010,[],Blueprint - Make Friends With The Colour Blue,Mark Baines
Blueprint Skateboards,Dan Magee,2010,[],Blueprint - Make Friends With The Colour Blue,Marty Murawski
Blueprint Skateboards,Dan Magee,2010,[],Blueprint - Make Friends With The Colour Blue,Neil Smith
Blueprint Skateboards,Dan Magee,2010,[],Blueprint - Make Friends With The Colour Blue,Nick Jensen
Blueprint Skateboards,Dan Magee,2010,[],Blueprint - Make Friends With The Colour Blue,Paul Shier
Blueprint Skateboards,Dan Magee,2010,[],Blueprint - Make Friends With The Colour Blue,Sylvain Tognelli
Blueprint Skateboards,Dan Magee,2010,[],Blueprint - Make Friends With The Colour Blue,Tuukka Korhonen
[],Josh Stewart,2014,United States,Static IV,Aaron Herrington
[],Josh Stewart,2014,United States,Static IV,Ben Gore
[],Josh Stewart,2014,United States,Static IV,Dustin Eggeling
[],Josh Stewart,2014,United States,Static IV,Jahmal Willams
[],Josh Stewart,2014,United States,Static IV,Jake Johnson
[],Josh Stewart,2014,United States,Static IV,Jimmy Lannon
[],Josh Stewart,2014,United States,Static IV,Mark Wetzel
[],Josh Stewart,2014,United States,Static IV,Pat Stiener
[],Josh Stewart,2014,United States,Static IV,Quim Cardona
[],Josh Stewart,2014,United States,Static IV,Snowy
[],Josh Stewart,2014,United States,Static IV,Vivien Feil
Trauma Skateboards,Luc Angles,2011,[],Trauma - La Deca-Danse,Alex Richard
Trauma Skateboards,Luc Angles,2011,[],Trauma - La Deca-Danse,Ben Delaboulaye
Trauma Skateboards,Luc Angles,2011,[],Trauma - La Deca-Danse,Guillaume Martinez
Trauma Skateboards,Luc Angles,2011,[],Trauma - La Deca-Danse,Jeremy Garcia
Trauma Skateboards,Luc Angles,2011,[],Trauma - La Deca-Danse,Julien Merour
Trauma Skateboards,Luc Angles,2011,[],Trauma - La Deca-Danse,Julien Morin
Trauma Skateboards,Luc Angles,2011,[],Trauma - La Deca-Danse,Nicolas Rouquette
Trauma Skateboards,Luc Angles,2011,[],Trauma - La Deca-Danse,Oscar Candon
Trauma Skateboards,Luc Angles,2011,[],Trauma - La Deca-Danse,Walid Mamine
Bronze Hardware,Peter Sidlauskas,2015,United States,Bronze - Trust,Aaron Herrington
Bronze Hardware,Peter Sidlauskas,2015,United States,Bronze - Trust,Adrian Vega
Bronze Hardware,Peter Sidlauskas,2015,United States,Bronze - Trust,Billy McFeely
Bronze Hardware,Peter Sidlauskas,2015,United States,Bronze - Trust,Brendan Carroll
Bronze Hardware,Peter Sidlauskas,2015,United States,Bronze - Trust,Brian Delatorre
Bronze Hardware,Peter Sidlauskas,2015,United States,Bronze - Trust,Dick Rizzo
Bronze Hardware,Peter Sidlauskas,2015,United States,Bronze - Trust,Jake Johnson
Bronze Hardware,Peter Sidlauskas,2015,United States,Bronze - Trust,Jordan Trahan
Bronze Hardware,Peter Sidlauskas,2015,United States,Bronze - Trust,Joseph Delgado
Bronze Hardware,Peter Sidlauskas,2015,United States,Bronze - Trust,Josh Wilson
Bronze Hardware,Peter Sidlauskas,2015,United States,Bronze - Trust,Kevin Tierney
Bronze Hardware,Peter Sidlauskas,2015,United States,Bronze - Trust,Mark Humienik
Bronze Hardware,Peter Sidlauskas,2015,United States,Bronze - Trust,Nick Ferro
Bronze Hardware,Peter Sidlauskas,2015,United States,Bronze - Trust,Rob Gonyon
Bronze Hardware,Peter Sidlauskas,2015,United States,Bronze - Trust,Shawn Powers
Rip N' Dip,Grant Yansura,2009,[],Cosmic Vomit,Andrew Considine
Rip N' Dip,Grant Yansura,2009,[],Cosmic Vomit,Bert Wootton
Rip N' Dip,Grant Yansura,2009,[],Cosmic Vomit,Derek McLean
Rip N' Dip,Grant Yansura,2009,[],Cosmic Vomit,Grant Yansura
Rip N' Dip,Grant Yansura,2009,[],Cosmic Vomit,Johan Stuckey
Rip N' Dip,Grant Yansura,2009,[],Cosmic Vomit,Justin Fuller
Rip N' Dip,Grant Yansura,2009,[],Cosmic Vomit,Rysean Goods
Shake Junt,Shane Heyl,2011,[],Shake Junt - Chicken Bone Nowison,
Shake Junt,Shane Heyl,2011,[],Shake Junt - Chicken Bone Nowison,Andrew Reynolds
Shake Junt,Shane Heyl,2011,[],Shake Junt - Chicken Bone Nowison,Braydon Szafranski
Shake Junt,Shane Heyl,2011,[],Shake Junt - Chicken Bone Nowison,Bryan Herman
Shake Junt,Shane Heyl,2011,[],Shake Junt - Chicken Bone Nowison,Dustin Dollin
Shake Junt,Shane Heyl,2011,[],Shake Junt - Chicken Bone Nowison,Jeff Lenoce
Shake Junt,Shane Heyl,2011,[],Shake Junt - Chicken Bone Nowison,Mike White
Shake Junt,Shane Heyl,2011,[],Shake Junt - Chicken Bone Nowison,Neen Williams
Shake Junt,Shane Heyl,2011,[],Shake Junt - Chicken Bone Nowison,Pat Pasquale
Shake Junt,Shane Heyl,2011,[],Shake Junt - Chicken Bone Nowison,Richie Belton
Shake Junt,Shane Heyl,2011,[],Shake Junt - Chicken Bone Nowison,Ryan Ewing
Shake Junt,Shane Heyl,2011,[],Shake Junt - Chicken Bone Nowison,Shane Heyl
Shake Junt,Shane Heyl,2011,[],Shake Junt - Chicken Bone Nowison,Theotis Beasley
H-Street,[],1988,[],H-Street - Shackle Me Not,Aaron Vincent
H-Street,[],1988,[],H-Street - Shackle Me Not,Art Godoy
H-Street,[],1988,[],H-Street - Shackle Me Not,Ben Job
H-Street,[],1988,[],H-Street - Shackle Me Not,Brennand Schoeffel
H-Street,[],1988,[],H-Street - Shackle Me Not,Brian Lotti
H-Street,[],1988,[],H-Street - Shackle Me Not,Carl Hyndman
H-Street,[],1988,[],H-Street - Shackle Me Not,Chris Livingston
H-Street,[],1988,[],H-Street - Shackle Me Not,Danny Way
H-Street,[],1988,[],H-Street - Shackle Me Not,Darrin Kimura
H-Street,[],1988,[],H-Street - Shackle Me Not,Dave Andrecht
H-Street,[],1988,[],H-Street - Shackle Me Not,Dave Sornson
H-Street,[],1988,[],H-Street - Shackle Me Not,David Nielsen
H-Street,[],1988,[],H-Street - Shackle Me Not,Eddie Elguera
H-Street,[],1988,[],H-Street - Shackle Me Not,Jason Richardson
H-Street,[],1988,[],H-Street - Shackle Me Not,Jeff Klindt
H-Street,[],1988,[],H-Street - Shackle Me Not,Jeff Pettite
H-Street,[],1988,[],H-Street - Shackle Me Not,Jeremy Allyn
H-Street,[],1988,[],H-Street - Shackle Me Not,Jim Gingery
H-Street,[],1988,[],H-Street - Shackle Me Not,John Schultes
H-Street,[],1988,[],H-Street - Shackle Me Not,John Sonner
H-Street,[],1988,[],H-Street - Shackle Me Not,Matt Hensley
H-Street,[],1988,[],H-Street - Shackle Me Not,Mike Carroll
H-Street,[],1988,[],H-Street - Shackle Me Not,Ray Simmonds
H-Street,[],1988,[],H-Street - Shackle Me Not,Richard Ezekiel
H-Street,[],1988,[],H-Street - Shackle Me Not,Ron Allen
H-Street,[],1988,[],H-Street - Shackle Me Not,Ryan Monihan
H-Street,[],1988,[],H-Street - Shackle Me Not,Steve Ortega
H-Street,[],1988,[],H-Street - Shackle Me Not,Tom Knox
H-Street,[],1988,[],H-Street - Shackle Me Not,Tony Magnusson
Orchard Skateshop,[],2010,United States,Out of Body Experience,Bill Orsi
Orchard Skateshop,[],2010,United States,Out of Body Experience,Broderick Gumpright
Orchard Skateshop,[],2010,United States,Out of Body Experience,Fritz Mead
Orchard Skateshop,[],2010,United States,Out of Body Experience,Jeff Valcourt
Orchard Skateshop,[],2010,United States,Out of Body Experience,Jerry Fowler
Orchard Skateshop,[],2010,United States,Out of Body Experience,Kevin Coakley
Orchard Skateshop,[],2010,United States,Out of Body Experience,Lee Berman
Dimestore,Anthoine Asselin,2010,Canada,The Dimestore Video,Adam Green
Dimestore,Anthoine Asselin,2010,Canada,The Dimestore Video,Antoine Asselin
Dimestore,Anthoine Asselin,2010,Canada,The Dimestore Video,Bob Lassalle
Dimestore,Anthoine Asselin,2010,Canada,The Dimestore Video,Charles Rivard
Dimestore,Anthoine Asselin,2010,Canada,The Dimestore Video,Chris St-cyr
Dimestore,Anthoine Asselin,2010,Canada,The Dimestore Video,Hugo Balek
Dimestore,Anthoine Asselin,2010,Canada,The Dimestore Video,JS Lapierre
Dimestore,Anthoine Asselin,2010,Canada,The Dimestore Video,Phil Lavoie
Dimestore,Anthoine Asselin,2010,Canada,The Dimestore Video,Ryan Decenzo
[],David Stoessel,2011,United States,SPREADtheGOOD,Aaron Collier
[],David Stoessel,2011,United States,SPREADtheGOOD,Alex Tatum
[],David Stoessel,2011,United States,SPREADtheGOOD,Carlos Mendez
[],David Stoessel,2011,United States,SPREADtheGOOD,Charlie Cassidy
[],David Stoessel,2011,United States,SPREADtheGOOD,Chris Freistat
[],David Stoessel,2011,United States,SPREADtheGOOD,Dan Delanois
[],David Stoessel,2011,United States,SPREADtheGOOD,Dylan Perry
[],David Stoessel,2011,United States,SPREADtheGOOD,Joe Storm
[],David Stoessel,2011,United States,SPREADtheGOOD,Kevin Shealy
[],David Stoessel,2011,United States,SPREADtheGOOD,Matt Blas
[],David Stoessel,2011,United States,SPREADtheGOOD,Nick Zizzo
[],David Stoessel,2011,United States,SPREADtheGOOD,Randy Okolichany
[],David Stoessel,2011,United States,SPREADtheGOOD,Ryan Ward
[],David Stoessel,2011,United States,SPREADtheGOOD,Travis Ehrlund
[],David Stoessel,2011,United States,SPREADtheGOOD,Tyler Bolar
[],Cameron Sanchez,2010,United States,OVERdose,Alex Pedroza
[],Cameron Sanchez,2010,United States,OVERdose,Chris Henry
[],Cameron Sanchez,2010,United States,OVERdose,Connor Getzlaff
[],Cameron Sanchez,2010,United States,OVERdose,Spencer Nuzzi
[],Cameron Sanchez,2010,United States,OVERdose,Taylor Orman
[],Cameron Sanchez,2010,United States,OVERdose,Taylor Shuffield
[],Adam Akins,2014,United States,Loof Life,Andy Sisomboune
[],Adam Akins,2014,United States,Loof Life,Billy Poore
[],Adam Akins,2014,United States,Loof Life,Chity G
[],Adam Akins,2014,United States,Loof Life,Clem
[],Adam Akins,2014,United States,Loof Life,Danilo Susana
[],Adam Akins,2014,United States,Loof Life,Dave Ruta
[],Adam Akins,2014,United States,Loof Life,Emmet Duffy
[],Adam Akins,2014,United States,Loof Life,Gino
[],Adam Akins,2014,United States,Loof Life,Graham Thoms
[],Adam Akins,2014,United States,Loof Life,Guy
[],Adam Akins,2014,United States,Loof Life,Jay Moore
[],Adam Akins,2014,United States,Loof Life,Jessie Ward
[],Adam Akins,2014,United States,Loof Life,Justin James
[],Adam Akins,2014,United States,Loof Life,Ken Keistler
[],Adam Akins,2014,United States,Loof Life,Kevin Kuczkowski
[],Adam Akins,2014,United States,Loof Life,Mike Baptista
[],Adam Akins,2014,United States,Loof Life,Paul Ruta
[],Adam Akins,2014,United States,Loof Life,Ryan Walters
[],Adam Akins,2014,United States,Loof Life,Timmy Johnson
Habitat Skateboards,Joe Castrucci,2010,[],Habitat - Origin,Alex Davis
Habitat Skateboards,Joe Castrucci,2010,[],Habitat - Origin,Austyn Gillette
Habitat Skateboards,Joe Castrucci,2010,[],Habitat - Origin,Danny Garcia
Habitat Skateboards,Joe Castrucci,2010,[],Habitat - Origin,Daryl Angel
Habitat Skateboards,Joe Castrucci,2010,[],Habitat - Origin,Fred Gall
Habitat Skateboards,Joe Castrucci,2010,[],Habitat - Origin,Guru Khalsa
Habitat Skateboards,Joe Castrucci,2010,[],Habitat - Origin,Kerry Getz
Habitat Skateboards,Joe Castrucci,2010,[],Habitat - Origin,Marius Syvanen
Habitat Skateboards,Joe Castrucci,2010,[],Habitat - Origin,Mark Suciu
Habitat Skateboards,Joe Castrucci,2010,[],Habitat - Origin,Silas Baxter-Neal
Habitat Skateboards,Joe Castrucci,2010,[],Habitat - Origin,Stefan Janoski
Habitat Skateboards,Joe Castrucci,2010,[],Habitat - Origin,Steve Durante
Habitat Skateboards,Joe Castrucci,2010,[],Habitat - Origin,Tim O'Connor
Dumb Skateboards,[],2011,[],Dumb - Is.Dumb.Ul,Alessandro Morandi
Dumb Skateboards,[],2011,[],Dumb - Is.Dumb.Ul,Alex Irvine
Dumb Skateboards,[],2011,[],Dumb - Is.Dumb.Ul,Federico Tognoli
Dumb Skateboards,[],2011,[],Dumb - Is.Dumb.Ul,Ferit Batir
Dumb Skateboards,[],2011,[],Dumb - Is.Dumb.Ul,Giovanni Grazzani
Dumb Skateboards,[],2011,[],Dumb - Is.Dumb.Ul,Giulio Pietroiusti
Dumb Skateboards,[],2011,[],Dumb - Is.Dumb.Ul,Simone Verona
Dumb Skateboards,[],2011,[],Dumb - Is.Dumb.Ul,Tom Derichs
Think Skateboards,Justin Carlson,2012,[],Think - Business as Usual,Adrian Williams
Think Skateboards,Justin Carlson,2012,[],Think - Business as Usual,Cody McEntire
Think Skateboards,Justin Carlson,2012,[],Think - Business as Usual,Danny Fuenzalida
Think Skateboards,Justin Carlson,2012,[],Think - Business as Usual,Dave Bachinsky
Think Skateboards,Justin Carlson,2012,[],Think - Business as Usual,Josh Matthews
Think Skateboards,Justin Carlson,2012,[],Think - Business as Usual,Lee Yankou
Think Skateboards,Justin Carlson,2012,[],Think - Business as Usual,Russ Milligan
[],Adam Turrisi,2014,United States,Kids In A Candy City,Daniel Kim
[],Adam Turrisi,2014,United States,Kids In A Candy City,Isaiah Rodriguez
[],Adam Turrisi,2014,United States,Kids In A Candy City,Jason Sinnawi
[],Adam Turrisi,2014,United States,Kids In A Candy City,Jonas Durney
[],Adam Turrisi,2014,United States,Kids In A Candy City,Rob Fall
[],Adam Turrisi,2014,United States,Kids In A Candy City,Stephen Jefferson
[],Adam Turrisi,2014,United States,Kids In A Candy City,Tony Rollins
Hockey,Benny Maglinao,2017,United States,Hockey III,Andrew Allen
Hockey,Benny Maglinao,2017,United States,Hockey III,Ben Kadow
Hockey,Benny Maglinao,2017,United States,Hockey III,Caleb Barnett
Hockey,Benny Maglinao,2017,United States,Hockey III,Donovon Piscopo
Hockey,Benny Maglinao,2017,United States,Hockey III,John Fitzgerald
Welcome Skateboards,Matt Blevins,2017,United States,Welcome - Fetish,Aaron Goure
Welcome Skateboards,Matt Blevins,2017,United States,Welcome - Fetish,Daniel Vargas
Welcome Skateboards,Matt Blevins,2017,United States,Welcome - Fetish,Jason Salillas
Welcome Skateboards,Matt Blevins,2017,United States,Welcome - Fetish,Jordan Sanchez
Welcome Skateboards,Matt Blevins,2017,United States,Welcome - Fetish,Nora Vasconcellos
Welcome Skateboards,Matt Blevins,2017,United States,Welcome - Fetish,Rick Fabro
Welcome Skateboards,Matt Blevins,2017,United States,Welcome - Fetish,Roman Pabich
Welcome Skateboards,Matt Blevins,2017,United States,Welcome - Fetish,Ryan Lay
Welcome Skateboards,Matt Blevins,2017,United States,Welcome - Fetish,Ryan Townley
Welcome Skateboards,Matt Blevins,2017,United States,Welcome - Fetish,Will Blaty
Vitekmine,Diego Williner,2012,Argentina,Dosmildoce,Felix Caceres
Vitekmine,Diego Williner,2012,Argentina,Dosmildoce,Gregorio Jimenez
Vitekmine,Diego Williner,2012,Argentina,Dosmildoce,Ian Klement Dreispiel
Vitekmine,Diego Williner,2012,Argentina,Dosmildoce,Lucas Della Vedova
Vitekmine,Diego Williner,2012,Argentina,Dosmildoce,Mariano Karlen
Vitekmine,Diego Williner,2012,Argentina,Dosmildoce,Matias Roldan
Vitekmine,Diego Williner,2012,Argentina,Dosmildoce,Santiago Rossi
Vitekmine,Diego Williner,2012,Argentina,Dosmildoce,Sebastian Franco
Alien Workshop,Greg Hunt,2009,[],Alien Workshop - Mind Field,Anthony Van Engelen
Alien Workshop,Greg Hunt,2009,[],Alien Workshop - Mind Field,Arto Saari
Alien Workshop,Greg Hunt,2009,[],Alien Workshop - Mind Field,Dylan Rieder
Alien Workshop,Greg Hunt,2009,[],Alien Workshop - Mind Field,Grant Taylor
Alien Workshop,Greg Hunt,2009,[],Alien Workshop - Mind Field,Heath Kirchart
Alien Workshop,Greg Hunt,2009,[],Alien Workshop - Mind Field,Jake Johnson
Alien Workshop,Greg Hunt,2009,[],Alien Workshop - Mind Field,Jason Dill
Alien Workshop,Greg Hunt,2009,[],Alien Workshop - Mind Field,Josh Kalis
Alien Workshop,Greg Hunt,2009,[],Alien Workshop - Mind Field,Mikey Taylor
Alien Workshop,Greg Hunt,2009,[],Alien Workshop - Mind Field,Omar Salazar
Alien Workshop,Greg Hunt,2009,[],Alien Workshop - Mind Field,Rob Dyrdek
Alien Workshop,Greg Hunt,2009,[],Alien Workshop - Mind Field,Steve Berra
Alien Workshop,Greg Hunt,2009,[],Alien Workshop - Mind Field,Tyler Bledsoe
[],[],1985,[],Summer Sessions,Allen Losi
[],[],1985,[],Summer Sessions,Bruno Peters
[],[],1985,[],Summer Sessions,Chris May
[],[],1985,[],Summer Sessions,Chris Miller
[],[],1985,[],Summer Sessions,Christian Hosoi
[],[],1985,[],Summer Sessions,Eric Grisham
[],[],1985,[],Summer Sessions,Jason Jessee
[],[],1985,[],Summer Sessions,Jimmy Scott
[],[],1985,[],Summer Sessions,John Grigley
[],[],1985,[],Summer Sessions,John Lloyd
[],[],1985,[],Summer Sessions,Ken Park
[],[],1985,[],Summer Sessions,Kerry Iwamiura
[],[],1985,[],Summer Sessions,Lance Mountain
[],[],1985,[],Summer Sessions,Lester Kasai
[],[],1985,[],Summer Sessions,Lynn Cooper
[],[],1985,[],Summer Sessions,Mark Rogowski
[],[],1985,[],Summer Sessions,Neil Blender
[],[],1985,[],Summer Sessions,Steve Caballero
[],[],1985,[],Summer Sessions,Steve Steadham
[],[],1985,[],Summer Sessions,Tony Hawk
The Hesh,Kevin Chartrand,2014,United States,The Hesh Mixtape Volume 1,David Fink
The Hesh,Kevin Chartrand,2014,United States,The Hesh Mixtape Volume 1,Ian Sherman
The Hesh,Kevin Chartrand,2014,United States,The Hesh Mixtape Volume 1,Joe Mertes
The Hesh,Kevin Chartrand,2014,United States,The Hesh Mixtape Volume 1,Kevin Chartrand
The Hesh,Kevin Chartrand,2014,United States,The Hesh Mixtape Volume 1,Pat Dykstra
Pyramid Country,Jackson Casey,2017,United States,Pyramid Country - Love and Gratitude,Aaron Goure
Pyramid Country,Jackson Casey,2017,United States,Pyramid Country - Love and Gratitude,Aric Blattner
Pyramid Country,Jackson Casey,2017,United States,Pyramid Country - Love and Gratitude,Blue Headey
Pyramid Country,Jackson Casey,2017,United States,Pyramid Country - Love and Gratitude,Chase Mcintyre
Pyramid Country,Jackson Casey,2017,United States,Pyramid Country - Love and Gratitude,Dave Engerer
Pyramid Country,Jackson Casey,2017,United States,Pyramid Country - Love and Gratitude,Eric Dowswell
Pyramid Country,Jackson Casey,2017,United States,Pyramid Country - Love and Gratitude,Justin Modica
Pyramid Country,Jackson Casey,2017,United States,Pyramid Country - Love and Gratitude,Kevin Braun
Pyramid Country,Jackson Casey,2017,United States,Pyramid Country - Love and Gratitude,Klay Anderson
Pyramid Country,Jackson Casey,2017,United States,Pyramid Country - Love and Gratitude,Ryan Lay
Pyramid Country,Jackson Casey,2017,United States,Pyramid Country - Love and Gratitude,Ryan Townley
Pyramid Country,Jackson Casey,2017,United States,Pyramid Country - Love and Gratitude,Tyler Franz
ExpeditionOne,Matt Daughters,2010,[],Expedition One - Madness,Chany Jeanguenin
ExpeditionOne,Matt Daughters,2010,[],Expedition One - Madness,Enrique Lorenzo
ExpeditionOne,Matt Daughters,2010,[],Expedition One - Madness,Joey Pepper
ExpeditionOne,Matt Daughters,2010,[],Expedition One - Madness,Kelly Hart
ExpeditionOne,Matt Daughters,2010,[],Expedition One - Madness,Kenny Hoyle
ExpeditionOne,Matt Daughters,2010,[],Expedition One - Madness,Matt Miller
ExpeditionOne,Matt Daughters,2010,[],Expedition One - Madness,Richard Angelides
ExpeditionOne,Matt Daughters,2010,[],Expedition One - Madness,Rob Welsh
ExpeditionOne,Matt Daughters,2010,[],Expedition One - Madness,Ryan Gallant
ExpeditionOne,Matt Daughters,2010,[],Expedition One - Madness,Spencer Hamilton
[],Chris Mulhern,2010,United States,This Time Tomorrow,Brian Douglas
[],Chris Mulhern,2010,United States,This Time Tomorrow,Chris Fireoved
[],Chris Mulhern,2010,United States,This Time Tomorrow,Daniel Kinloch
[],Chris Mulhern,2010,United States,This Time Tomorrow,Devon Connell
[],Chris Mulhern,2010,United States,This Time Tomorrow,Jimmy McDonald
[],Chris Mulhern,2010,United States,This Time Tomorrow,Lucien Clarke
[],Chris Mulhern,2010,United States,This Time Tomorrow,Paul Brabenec
[],Chris Mulhern,2010,United States,This Time Tomorrow,Rob Mathieson
[],Chris Mulhern,2010,United States,This Time Tomorrow,Rory Milanes
[],Chris Mulhern,2010,United States,This Time Tomorrow,Steph Morgan
[],Chris Mulhern,2010,United States,This Time Tomorrow,Will Harmon
[],David Chvatal,2009,Czech Republic,Black Rabbit 3,Honza Minol
[],David Chvatal,2009,Czech Republic,Black Rabbit 3,Lukas Danek
[],David Chvatal,2009,Czech Republic,Black Rabbit 3,Marek Zaprazny
[],David Chvatal,2009,Czech Republic,Black Rabbit 3,Martin Pek
[],David Chvatal,2009,Czech Republic,Black Rabbit 3,Martin Rinda
[],David Chvatal,2009,Czech Republic,Black Rabbit 3,Mato Pavlacic
[],David Chvatal,2009,Czech Republic,Black Rabbit 3,Maxim Habanec
[],David Chvatal,2009,Czech Republic,Black Rabbit 3,Petr Horvat
[],David Chvatal,2009,Czech Republic,Black Rabbit 3,Tomas Svoboda
H-Street,[],1989,[],H-Street - Hokus Pokus,Ben Job
H-Street,[],1989,[],H-Street - Hokus Pokus,Brian Lotti
H-Street,[],1989,[],H-Street - Hokus Pokus,Chris Livingston
H-Street,[],1989,[],H-Street - Hokus Pokus,Colby Carter
H-Street,[],1989,[],H-Street - Hokus Pokus,Danny Way
H-Street,[],1989,[],H-Street - Hokus Pokus,Dave Donalson
H-Street,[],1989,[],H-Street - Hokus Pokus,Dave Sornson
H-Street,[],1989,[],H-Street - Hokus Pokus,David Nielsen
H-Street,[],1989,[],H-Street - Hokus Pokus,Eddie Elguera
H-Street,[],1989,[],H-Street - Hokus Pokus,John Deago
H-Street,[],1989,[],H-Street - Hokus Pokus,John Sonner
H-Street,[],1989,[],H-Street - Hokus Pokus,Kien Lieu
H-Street,[],1989,[],H-Street - Hokus Pokus,Matt Hensley
H-Street,[],1989,[],H-Street - Hokus Pokus,Mike Carroll
H-Street,[],1989,[],H-Street - Hokus Pokus,Ron Allen
H-Street,[],1989,[],H-Street - Hokus Pokus,Ryan Monihan
H-Street,[],1989,[],H-Street - Hokus Pokus,Sal Barbier
H-Street,[],1989,[],H-Street - Hokus Pokus,Steve Ortega
H-Street,[],1989,[],H-Street - Hokus Pokus,Tony Magnusson
A Night Tribe Called Minuit,Yoan Taillandier,2011,France,Minuit,Akira Imamura
A Night Tribe Called Minuit,Yoan Taillandier,2011,France,Minuit,Alex Richard
A Night Tribe Called Minuit,Yoan Taillandier,2011,France,Minuit,Antoine Riviere
A Night Tribe Called Minuit,Yoan Taillandier,2011,France,Minuit,Antoine Roussel
A Night Tribe Called Minuit,Yoan Taillandier,2011,France,Minuit,Carlos Young
A Night Tribe Called Minuit,Yoan Taillandier,2011,France,Minuit,Gaetan Salvignol
A Night Tribe Called Minuit,Yoan Taillandier,2011,France,Minuit,Gautier Rouger
A Night Tribe Called Minuit,Yoan Taillandier,2011,France,Minuit,Leo Valls
A Night Tribe Called Minuit,Yoan Taillandier,2011,France,Minuit,Masaki Ui
A Night Tribe Called Minuit,Yoan Taillandier,2011,France,Minuit,Quentin Sene
A Night Tribe Called Minuit,Yoan Taillandier,2011,France,Minuit,Sebastien Daurel
A Night Tribe Called Minuit,Yoan Taillandier,2011,France,Minuit,Shingo Ogura
A Night Tribe Called Minuit,Yoan Taillandier,2011,France,Minuit,Shinpei Ueno
A Night Tribe Called Minuit,Yoan Taillandier,2011,France,Minuit,Soy Panday
A Night Tribe Called Minuit,Yoan Taillandier,2011,France,Minuit,Vivien Feil
